,id,name,album,artist,release_date,popularity,length,danceability,acousticness,energy,instrumentalness,liveness,valence,loudness,speechiness,tempo,key,time_signature
0,2XEdrmqNM9ZQQ24ViuceB0,"Hello, My Name Is",Into The Light,Matthew West,2012-01-01,56,223426,0.595,0.000583,0.894,1.24e-06,0.326,0.643,-4.115,0.0323,101.987,11,4
1,0eI19vR5WZ12fuYcEFUVkw,God's Not Dead (Like A Lion),God's Not Dead,Newsboys,2011-01-01,62,258453,0.516,0.000479,0.905,0.0,0.198,0.612,-5.613,0.0399,129.999,11,4
2,7zJg7aNCvTKW9EtG1Dvzkl,Fix My Eyes,RUN WILD. LIVE FREE. LOVE STRONG. (Deluxe Anniversary Edition),for KING & COUNTRY,2015-10-22,58,215933,0.587,0.0539,0.739,2.08e-06,0.049,0.549,-5.762,0.0365,100.005,0,4
3,5AcdaSVQfLcUKMaqchfBie,My Lighthouse,The Art Of Celebration,Rend Collective,2014-03-17,64,224169,0.545,0.0326,0.805,0.0,0.781,0.727,-5.792,0.0491,110.005,0,4
4,7FO6QgfJRKtEwZiYO0dIO9,Speak Life,Eye On It (Deluxe Edition),TobyMac,2012-01-01,57,205080,0.65,0.134,0.888,0.0,0.0879,0.565,-3.348,0.051,90.013,9,4
5,73ZSUS3WLluxgASR1Hp74B,Soul On Fire (feat. All Sons & Daughters) (feat. All Sons & Daughters),Lead Us Back: Songs of Worship,Third Day,2015-02-27,58,197706,0.501,0.218,0.876,2.39e-05,0.157,0.228,-6.324,0.0545,103.974,1,4
6,17GmwQ9Q3MTAz05OokmNNB,Chain Breaker,Chain Breaker (Deluxe Edition),Zach Williams,2017-09-15,62,196466,0.467,0.0231,0.715,0.0,0.144,0.367,-5.076,0.0348,156.074,0,4
7,6RSBBvhrP0KvkpaUSMPI11,Eye of the Storm (feat. Gabe Real),Fresh Start,Ryan Stevenson,2015-08-28,59,331613,0.482,0.197,0.726,0.0,0.464,0.558,-6.375,0.0486,83.007,9,4
8,3hN8RetXNOyDVhxGdkFlqA,Breathe,Everything Is Changing,Jonny Diaz,2015-09-18,51,213080,0.601,0.09,0.728,0.0235,0.0874,0.347,-5.622,0.0513,145.953,0,4
9,1RMVgmV8a5WohvIkPSnGtL,More Of You,Anchor,Colton Dixon,2014-08-19,48,246093,0.423,0.00152,0.875,1.2e-06,0.0879,0.498,-5.079,0.0361,80.004,10,4
10,49Z7hZgb3LzDy8RogfApYr,Rise,Rise,Danny Gokey,2017-01-13,0,217799,0.519,0.0643,0.907,0.0,0.264,0.608,-3.918,0.0444,147.957,4,4
11,4F7GcPH79KzsQfNphjtkGx,Old Church Choir,Chain Breaker (Deluxe Edition),Zach Williams,2017-09-15,57,176453,0.675,0.128,0.817,0.0,0.163,0.631,-5.816,0.0347,103.989,0,4
12,4BhKsrfLowNbN7F3JVhI8i,Grace Got You,Lifer,MercyMe,2017-02-17,54,215133,0.61,0.127,0.813,0.0,0.107,0.729,-4.048,0.0301,87.005,11,4
13,6MtecozqUbilB5qbVARrUH,Little Drummer Boy,A Drummer Boy Christmas,for KING & COUNTRY,2020-10-30,42,288045,0.564,0.00379,0.563,0.0358,0.0763,0.113,-7.976,0.0259,104.031,2,4
14,4wl9wFhVgT4ucd72OEpEeZ,Unity,What Are We Waiting For?,for KING & COUNTRY,2022-03-11,38,209608,0.445,0.0657,0.593,5.15e-05,0.297,0.326,-7.496,0.16,171.774,11,4
15,7dlCAK8HdnI6UGHqZkfvJT,Broken Halos,What Are We Waiting For?,for KING & COUNTRY,2022-03-11,44,191283,0.6,0.131,0.566,1.07e-05,0.113,0.153,-9.058,0.114,120.088,9,4
16,6qNSq6OKjNgXAn3Kj9HBKf,Burn The Ships,Burn The Ships,for KING & COUNTRY,2018-10-05,58,276400,0.497,0.16,0.542,1.4e-05,0.084,0.0707,-7.398,0.0315,93.57,5,4
17,1z5YtEopKg5pyjCM3BEsr5,Dead Man Walking,The Story's Not Over,Jeremy Camp,2019-09-20,57,187266,0.518,0.0337,0.799,0.0,0.12,0.358,-4.675,0.0455,179.784,1,3
18,1ZO99OrjupdwV1MWfgmihI,RELATE,What Are We Waiting For?,for KING & COUNTRY,2022-03-11,49,173500,0.694,0.064,0.566,7.77e-06,0.308,0.33,-8.639,0.17,100.008,10,4
19,3efqAc4maWiY9YSXLRzrwi,When You Speak,When You Speak,Jeremy Camp,2021-09-10,46,179311,0.711,0.0379,0.542,0.0,0.128,0.607,-7.387,0.0701,99.858,2,4
20,5aHZnvy8EqhViyoJo971Wy,Amen,Burn The Ships,for KING & COUNTRY,2018-10-05,53,227013,0.64,0.00758,0.469,0.000453,0.0711,0.305,-8.718,0.0412,90.001,7,3
21,0W7KIc2GSB9suYQAaMZ9rF,Nobody (feat. Matthew West),Only Jesus,Casting Crowns,2018-11-16,66,206400,0.561,0.458,0.717,0.0,0.138,0.455,-5.72,0.0381,79.993,8,4
22,5CYMOjWrVWZqHGv2ObF5mr,Scars (Come With Livin'),The Elements,TobyMac,2018-10-12,45,261400,0.647,0.0695,0.779,5.9e-06,0.131,0.522,-5.833,0.0332,134.001,0,4
23,7c1LZzDxrNCOJRe3A459S4,Happy Dance,Lifer,MercyMe,2017-02-17,50,171653,0.672,0.00115,0.879,2.58e-06,0.453,0.93,-4.517,0.0637,124.967,9,4
24,2otqZVvW83kij45qpJaipl,Good Feeling,Wide Open,Austin French,2018-09-07,45,175040,0.802,0.135,0.688,0.0,0.084,0.739,-5.361,0.0907,112.028,5,4
25,6Sl9SgP3j4zahARmZZkhyv,Smile (Single Mix),The Things That Got Us Here,Sidewalk Prophets,2020-07-03,43,176133,0.586,0.00172,0.851,1.01e-06,0.149,0.555,-6.17,0.0336,112.042,7,4
26,6mRX8XiGASA8YDO5B9DWeT,21 Years,TobyMac Collection,TobyMac,2020-04-24,36,243013,0.712,0.0903,0.666,0.0,0.139,0.268,-7.214,0.0392,101.012,7,4
27,6CeoTeUhMFHKoKeQkRrhaU,Drops in the Ocean,Diamonds,Hawk Nelson,2015-03-17,50,201733,0.594,0.0225,0.762,0.0,0.162,0.518,-4.097,0.033,126.968,2,4
28,1dtzjTkNecIRAL4X3u4CtL,We Believe,Restart,Newsboys,2013-01-01,56,261693,0.519,0.0319,0.76,1.59e-05,0.241,0.149,-4.41,0.0349,130.03,2,4
29,1KedGIK1fpqpl56GkW5VgB,Your Love Never Fails,God's Not Dead,Newsboys,2011-01-01,54,218200,0.664,0.00109,0.852,0.0,0.0765,0.558,-5.341,0.0521,115.0,10,4
30,5mYLVplVjmd1GMe2oAhr9O,Steal My Show,Eye On It (Deluxe Edition),TobyMac,2012-01-01,45,215946,0.621,0.0433,0.881,0.0,0.401,0.622,-3.872,0.0295,104.974,0,4
31,0wWDNsLRUuXFGRd4NcrdrR,Write Your Story,If We're Honest (Deluxe Version),Francesca Battistelli,2014-04-22,46,203941,0.653,0.026,0.803,0.000108,0.0903,0.625,-5.95,0.034,94.009,2,4
32,2zpcDiFVgJ53BeMuJK40aX,Start Right Here,Only Jesus,Casting Crowns,2018-11-16,47,220280,0.562,0.138,0.729,0.0,0.269,0.311,-7.262,0.0407,121.954,1,4
33,2PLq66Pulj13Ov30kBBxuG,Dear Younger Me,Welcome to the New,MercyMe,2014-04-08,52,206585,0.629,0.101,0.891,1.5e-05,0.527,0.665,-5.664,0.0824,98.959,7,4
34,36g3CdSXU0vBSOW4P1dtsZ,Lights Shine Bright,This Is Not A Test,TobyMac,2015-08-07,50,275586,0.702,0.0232,0.579,0.0,0.892,0.468,-8.406,0.208,81.472,8,4
35,5oEQFH35W5hoNwbYCf5anq,Up Again,Wherever I Go,Dan Bremnes,2019-04-05,45,161506,0.709,0.371,0.703,0.000152,0.182,0.847,-4.946,0.0301,97.002,0,4
36,2uCLhG4UKRErEUpjsXBaeD,Glorious Day - Radio Version,Glorious Day (Radio Version),Passion,2017-03-24,51,251695,0.471,0.0174,0.846,0.0,0.148,0.314,-4.05,0.0388,109.997,2,4
37,0lATXmstYwzQjOLgkzvnEc,Counting Every Blessing,Good News (Deluxe Edition),Rend Collective,2018-01-19,58,302780,0.55,0.136,0.681,0.0,0.216,0.174,-4.759,0.0334,89.989,9,4
38,5HGG7Goz5eHmnhRJuPBiTR,Love God Love People,Haven't Seen It Yet,Danny Gokey,2019-04-12,49,186613,0.581,0.142,0.758,0.0,0.0708,0.731,-5.656,0.102,160.193,0,4
39,4ElNxglBjcrASiGn58t9Jm,God Only Knows,Burn The Ships,for KING & COUNTRY,2018-10-05,65,229760,0.597,0.395,0.417,8.35e-06,0.128,0.263,-7.952,0.0502,143.839,2,4
40,4Opt8AwROn5AXMQ20mNvHq,Move (Keep Walkin’),This Is Not A Test,TobyMac,2015-08-07,52,221626,0.707,0.311,0.699,0.0,0.276,0.54,-5.449,0.0324,115.999,5,4
41,3gQC0KTBXZeysuzRqMrfbD,The River,Beloved,Jordan Feliz,2015-10-22,57,195209,0.65,0.0951,0.908,0.0,0.347,0.75,-5.062,0.0345,123.996,10,4
42,54LhEfBlV82p8zybyTeaIS,Freedom Hymn,Wide Open,Austin French,2018-09-07,49,188293,0.488,0.0464,0.815,0.0,0.302,0.483,-3.8,0.0397,73.01,11,4
43,4hlzUfLHRCr9HKXCBpCPZf,Marching On,Good News (Deluxe Edition),Rend Collective,2018-01-19,44,219000,0.488,0.00585,0.875,0.0,0.0793,0.486,-4.645,0.101,119.995,10,4
44,5Pj48LJDnaHXtVhQEaR4H7,Heaven On Earth,Better,Stars Go Dim,2019-05-17,46,178680,0.671,0.064,0.756,0.0,0.126,0.7,-6.757,0.0731,98.012,4,4
45,2oxGrrz61idwlMRTzvdpZQ,AMEN,New Today,Micah Tyler,2020-04-24,48,175213,0.596,0.0335,0.752,0.0,0.104,0.382,-5.342,0.0454,96.426,10,4
46,3ZQsO0kHzczapEdCrEYG4f,Backseat Driver,This Is Not A Test,TobyMac,2015-08-07,51,201066,0.805,0.0432,0.827,0.000133,0.0348,0.84,-3.756,0.059,101.005,0,4
47,2MlI59j4HulbMIe4QReoi2,REVIVAL ANTHEM,CHOOSE TO WORSHIP,Rend Collective,2020-03-27,41,198986,0.555,0.000209,0.71,0.0,0.412,0.188,-6.286,0.0403,129.979,4,4
48,5OpjJ9qy54D3PzQJ1s4Q9X,TESTIFY,H A R D L O V E,NEEDTOBREATHE,2016-07-15,57,243800,0.495,0.471,0.71,0.0,0.0703,0.319,-3.941,0.0288,90.024,0,4
49,6ZhORhQoBD0qndKYvpBTv2,Echo (feat. Tauren Wells),Hallelujah Here Below,Elevation Worship,2018-09-28,55,236735,0.638,0.0864,0.842,0.0,0.624,0.542,-6.225,0.0392,103.965,2,4
50,1ckXxCiKGFaYmhe4BfBmfs,Rise Up (Lazarus),Rise Up,CAIN,2021-05-07,59,206531,0.492,0.0389,0.809,0.0,0.0854,0.441,-5.443,0.0399,86.997,5,4
51,0vBjd0I8iefycEZ2ex1Zpi,joy.,Burn The Ships,for KING & COUNTRY,2018-10-05,57,233946,0.68,0.0102,0.536,0.00105,0.113,0.417,-6.669,0.0582,119.958,5,4
52,11sV5RZfZ4FEKz0TeFnvN6,Air I Breathe,JUST KIDS (Deluxe Edition),Mat Kearney,2015-08-21,42,219586,0.541,0.417,0.748,0.0,0.12,0.423,-6.28,0.0357,79.977,9,4
53,6GjgrT8fvfEehxDBZMZTRZ,Revolutionary,Revolutionary,Josh Wilson,2020-04-24,48,182352,0.432,0.0298,0.779,0.0,0.103,0.677,-6.804,0.107,124.166,11,4
54,3LEBulRQI5hHe2TUKKswUf,Me Without You,Eye On It (Deluxe Edition),TobyMac,2012-01-01,53,214665,0.775,0.00247,0.785,0.0,0.0669,0.963,-3.506,0.0411,130.021,7,4
55,7rC5fxyrbNDRymrH7OwSxE,Never Been a Moment,Different,Micah Tyler,2017-10-13,49,200680,0.527,0.0566,0.792,0.0,0.0935,0.704,-5.52,0.0412,157.987,0,4
56,6zb0RH9FmYB8Ronad1uK02,Holy Water,Holy Water,We The Kingdom,2020-08-07,62,242666,0.46,0.352,0.57,0.0,0.199,0.337,-7.07,0.0382,72.942,7,4
57,7u67t6j872bK1tDbMUjnMz,Miracles,Devil Is A Liar,Colton Dixon,2020-03-27,60,174438,0.721,0.00146,0.718,0.00013,0.12,0.343,-6.916,0.0431,96.48,7,4
58,6GzdPnUPONHWFyUSRwN0QB,Changed,Future,Jordan Feliz,2018-03-23,51,192986,0.622,0.183,0.867,0.0,0.0833,0.778,-4.738,0.0551,157.952,2,4
59,02RCTBFKyLaECOTgfr0zTM,Church (Take Me Back),Don't Lose Hope,Cochren & Co.,2021-01-22,68,176706,0.582,0.153,0.715,0.0,0.259,0.52,-5.526,0.042,90.117,11,4
60,4iHrXZX4AKJOW58civjs1t,Church Clap,Weight & Glory,KB,2012-07-17,59,197066,0.632,0.0941,0.756,0.0,0.189,0.413,-3.877,0.05,157.999,1,4
61,1NZWiuy0mlnsrcYL2dhKt6,Love Broke Thru,This Is Not A Test,TobyMac,2015-08-07,59,237146,0.671,0.0101,0.893,0.0,0.0934,0.544,-3.984,0.0337,102.979,0,4
62,4zmjIj6jirBrBF92a5yb9S,Yes He Can,Rise Up,CAIN,2021-05-07,58,199127,0.449,0.0705,0.668,0.0,0.374,0.475,-6.709,0.0345,167.911,8,4
63,0Q4fUM7mSeqVKD5qnqS2gO,Devil Is a Liar,Devil Is A Liar,Colton Dixon,2020-03-27,48,165895,0.753,0.00607,0.791,0.000179,0.397,0.689,-6.781,0.0463,130.996,6,4
64,1JVefYHGnKd8ZjyaqWmTpz,Haven't Seen It Yet,Haven't Seen It Yet,Danny Gokey,2019-04-12,55,244066,0.619,0.167,0.686,0.0,0.114,0.609,-6.534,0.0506,139.916,2,4
65,2vgZSXt1KmekJICQbNZH4H,Brave,Brave,MŌRIAH,2014-07-15,34,228626,0.449,0.256,0.652,1.33e-06,0.076,0.508,-4.401,0.0389,166.036,6,4
66,7aIvVeBrvC7K3hYbpRXRdZ,Shake,Welcome to the New,MercyMe,2014-04-08,45,193840,0.472,0.00138,0.948,1.02e-05,0.0966,0.788,-1.528,0.167,171.996,5,4
67,7BhvOAA8kaGhd2dsa27XP8,Amadeo (Still My God),Wildest Dreams,Ryan Stevenson,2020-06-05,56,218171,0.488,0.234,0.875,0.0,0.102,0.613,-7.775,0.114,190.171,4,4
68,2lWAP3l4ILsjy11jsX49Ys,Made To Love,Portable Sounds (With Bonus Remixes),TobyMac,2008-01-01,50,230280,0.571,0.0071,0.937,9.93e-05,0.32,0.821,-3.353,0.0574,169.975,5,4
69,4jdQaEDZ4y3x54FzxnfYAQ,Start a Fire,Unspoken,Unspoken,2014-04-01,52,184733,0.513,0.00197,0.875,0.0,0.165,0.604,-5.377,0.0495,82.002,1,4
70,68dlSBYa5sLmwjscN4nfhv,The Comeback,Rise,Danny Gokey,2017-01-13,1,191013,0.615,0.02,0.901,0.0,0.277,0.473,-4.849,0.0603,118.032,8,4
71,1L7HnGxcNdScMVnjc3XRK0,I just need U.,The Elements,TobyMac,2018-10-12,57,223946,0.764,0.097,0.643,0.000212,0.113,0.718,-7.489,0.0305,104.022,5,4
72,4W45TyQR7lhsw3loOHZAKy,New Day,Haven't Seen It Yet,Danny Gokey,2019-04-12,47,209600,0.684,0.134,0.815,0.0,0.15,0.696,-5.783,0.0508,99.995,5,4
73,04ZzbJOLBEhaf8PVQuH96u,Christ In Me,I Will Follow,Jeremy Camp,2015-02-03,54,211600,0.492,0.0104,0.873,0.0,0.0895,0.229,-3.193,0.0392,91.078,0,4
74,33q4ENIRByGmdKeRWoIfSm,My Feet Are on the Rock,Trial & Triumph,I AM THEY,2018-03-02,49,183706,0.612,0.00171,0.83,0.0,0.125,0.525,-4.361,0.0464,103.84,0,4
75,7BTmtN6bP35E54vVASTqao,Priceless,RUN WILD. LIVE FREE. LOVE STRONG. (Deluxe Anniversary Edition),for KING & COUNTRY,2015-10-22,56,208520,0.529,0.00532,0.769,0.0,0.19,0.66,-6.369,0.0469,73.946,11,4
76,2v49NJk4EhgM4xVkNKrfqc,Til The Day I Die,This Is Not A Test,TobyMac,2015-08-07,57,227813,0.658,0.0075,0.877,2.94e-05,0.127,0.346,-5.502,0.0352,99.964,10,4
77,7EixVppWsnZOvJJ4ZqET14,Good Life,Good Life,The Young Escape,2017-10-20,45,185426,0.587,0.0539,0.715,0.0,0.262,0.433,-6.348,0.0931,178.081,4,4
78,2VuwpxQR7rTPWkoLkpANdz,Whom Shall I Fear (God Of Angel Armies),Burning Lights,Chris Tomlin,2013-01-01,57,267906,0.444,0.051,0.778,0.0,0.269,0.42,-3.037,0.0324,148.044,0,4
79,5uDFIUrj3WjmgpSs2Zxc4d,Like A Match,This Is Not A Test,TobyMac,2015-08-07,38,187320,0.633,0.00869,0.953,0.000483,0.217,0.96,-3.391,0.0603,142.995,1,4
80,3ji2WLLlpJmvvSOlAyqB6p,"That Was Then, This Is Now","That Was Then, This Is Now",Josh Wilson,2015-07-31,47,197880,0.624,0.000507,0.946,1.81e-05,0.124,0.749,-4.546,0.055,98.021,5,4
81,5qL47IcceHPr7W8kxK4Wzj,Pray It Up,Control,Joel Vaughn,2020-10-23,36,199573,0.286,0.00755,0.796,0.0,0.156,0.323,-5.279,0.0757,84.346,0,4
82,1KZ4oyeOzh1WDrU3vxk6Hh,Horizon (A New Day),The Elements,TobyMac,2018-10-12,41,193546,0.643,0.095,0.776,4.72e-06,0.319,0.689,-4.338,0.0618,156.067,1,4
83,1sK4dSAYg8lBSEsaMMPbK6,I Will Be Undignified,Good News (Deluxe Edition),Rend Collective,2018-01-19,41,198000,0.35,0.0279,0.866,0.0,0.231,0.352,-4.181,0.0666,168.048,9,4
84,1cxM9XPSKofuSwbBwayZiG,Everything,The Elements,TobyMac,2018-10-12,51,200760,0.802,0.0239,0.683,0.0,0.0896,0.801,-4.849,0.0416,112.465,11,4
85,1fAfbJtiwvTh76blPg4hEA,Lifer,Lifer,MercyMe,2017-02-17,42,201093,0.705,0.0424,0.921,0.0,0.353,0.958,-4.066,0.0441,113.994,8,4
86,3tIosTCaD7OxaqMmNMqK39,Dream Small,Dream Small,Josh Wilson,2018-03-02,44,206626,0.654,0.0722,0.815,2.3e-06,0.129,0.304,-5.527,0.0376,120.043,7,4
87,28jcFm1snS2T2CcnGladPy,The Elements,The Elements,TobyMac,2018-10-12,41,231933,0.633,0.021,0.824,8.59e-05,0.136,0.237,-6.323,0.101,100.005,8,4
88,7ozWDT47HkfCmbNGgMorU8,What a Friend,Echoes (Deluxe Edition),Matt Maher,2017-09-29,45,197506,0.585,0.0213,0.947,0.0,0.382,0.475,-4.981,0.0632,109.958,4,4
89,1TcsQKPRu4AVSP5E7a8mXe,Greater,Welcome to the New,MercyMe,2014-04-08,58,247046,0.627,0.0231,0.921,0.0,0.0907,0.567,-4.689,0.0365,116.006,2,4
90,7nUflbCfoSFYiBOGH5D81R,Reason,Reason,Unspoken,2019-06-21,54,199531,0.694,0.0199,0.768,0.0,0.054,0.97,-5.444,0.137,156.006,4,4
91,6TFjKtYZGIJyL6vbS33GEB,joyful,circles,Dante Bowe,2021-03-26,14,137130,0.636,0.0578,0.695,0.0,0.396,0.851,-7.929,0.234,91.638,1,4
92,5eKHhvjc9EO19oS1aJJfRy,Today Tomorrow & Forever,Unstoppable God,Sanctus Real,2020-04-24,42,145056,0.518,0.00289,0.694,1.43e-05,0.375,0.429,-6.631,0.0311,175.982,11,4
93,05bPnlDgIf04n6LeDs2pLs,Run Devil Run,American Prodigal (Deluxe Edition),Crowder,2016-09-23,45,206386,0.429,0.0361,0.953,0.0,0.56,0.766,-3.26,0.179,174.646,2,4
94,7ubJMJ9FsNrElXkrESDwih,WaveWalker (feat. Bart Millard),Love Is A Lion,Citizen Way,2019-10-18,41,194306,0.673,0.00539,0.805,0.0,0.194,0.688,-5.099,0.0325,120.011,8,4
95,7KXJLrMlgQbGMY8kr6yJlB,Sparrows,Where the Light Gets In,Jason Gray,2016-06-17,47,207386,0.651,0.0199,0.924,3.26e-05,0.314,0.512,-5.059,0.0397,121.946,7,4
96,1HoEbniMQIfe79naXNRycP,Help Is On The Way (Maybe Midnight),Life After Death,TobyMac,2022-08-19,56,181520,0.742,0.0486,0.589,4.02e-06,0.15,0.665,-4.344,0.0735,142.012,9,4
97,0ezeXzG4Qi5GJGu9E3W4VY,Red Letters,I Know A Ghost,Crowder,2018-11-09,52,228346,0.469,0.335,0.711,1.39e-06,0.34,0.459,-7.273,0.0531,148.087,11,4
98,1ivyn9uN7FT3wF9GpEU6GE,Beyond Me,This Is Not A Test,TobyMac,2015-08-07,41,193880,0.665,0.104,0.782,0.0,0.255,0.961,-5.169,0.0269,111.02,8,4
99,6crlD7xx4i1va0wahdwCga,Rebels,REBELS,Influence Music,2019-07-19,35,226933,0.464,0.00848,0.865,0.000304,0.101,0.512,-6.005,0.0504,83.951,7,4
100,1EQFOouqdKYdpbNoOHRVO2,abcdefu (angrier),abcdefu (angrier),GAYLE,2021-09-24,62,159836,0.671,0.0658,0.599,0.0,0.101,0.448,-6.18,0.0405,121.849,4,3
101,66Ae3p10Em3KdTaM787Ptx,this is what heartbreak feels like,this is what heartbreak feels like (432Hz),JVKE,2022-10-04,60,157636,0.707,0.578,0.474,0.0,0.11,0.538,-4.603,0.0672,109.991,1,4
102,76cy1WJvNGJTj78UqeA5zr,IDGAF,Dua Lipa (Deluxe),Dua Lipa,2017-06-02,77,217946,0.836,0.0403,0.544,0.0,0.0824,0.51,-5.975,0.0943,97.028,7,4
103,6Jkm5kUldvIqxzI1Pa7nXH,10 Things I Hate About You,10 Things I Hate About You,Leah Kate,2022-03-23,4,157138,0.544,0.00991,0.786,0.0,0.169,0.446,-2.97,0.0501,153.967,8,4
104,5MWXOo8DJwgODtPGaietNz,cinderella's dead,cinderella's dead,EMELINE,2022-04-01,67,120666,0.596,0.33,0.607,0.0,0.103,0.531,-6.179,0.168,119.882,6,4
105,6FZDfxM3a3UCqtzo5pxSLZ,Without Me,Manic,Halsey,2020-01-17,77,201660,0.752,0.293,0.488,9.2e-06,0.0936,0.533,-7.05,0.0705,136.07,6,4
106,20R4HfKloPKgXDqU7UKk3x,Therefore I Am,Happier Than Ever,Billie Eilish,2021-07-30,73,173539,0.879,0.227,0.365,0.135,0.0583,0.663,-7.781,0.0924,94.016,2,4
107,7aGyRfJWtLqgJaZoG9lJhE,Mad at Disney,Mad at Disney,salem ilese,2020-07-24,2,136838,0.738,0.424,0.621,7.39e-06,0.692,0.715,-7.313,0.0486,113.968,0,4
108,4ZtFanR9U6ndgddUvNcjcG,good 4 u,SOUR,Olivia Rodrigo,2021-05-21,82,178146,0.563,0.335,0.664,0.0,0.0849,0.688,-5.044,0.154,166.928,9,4
109,6WrI0LAC5M1Rw2MnX2ZvEg,Don't Start Now,Don't Start Now,Dua Lipa,2019-10-31,71,183290,0.794,0.0125,0.793,0.0,0.0952,0.677,-4.521,0.0842,123.941,11,4
110,0AUvWawuP0ibk4SQ3sIZjk,Daisy,Daisy,Ashnikko,2020-07-09,61,146523,0.834,0.235,0.663,0.0,0.372,0.774,-6.143,0.133,121.876,8,4
111,4fkM7M4Uo5AUASnnsRC7EZ,Not Your Barbie Girl,Not Your Barbie Girl,Ava Max,2018-08-13,63,186520,0.745,0.103,0.642,0.0,0.0335,0.35,-4.138,0.0506,120.063,6,4
112,534P1wgOzlgSogu8At0B6b,I've Had Enough,I've Had Enough,Melina KB,2021-03-12,58,210828,0.742,0.26,0.607,0.0,0.0884,0.667,-5.744,0.0686,170.055,10,3
113,3HWzoMvoF3TQfYg4UPszDq,Truth Hurts,Cuz I Love You (Super Deluxe),Lizzo,2019-04-19,68,173325,0.715,0.11,0.624,0.0,0.123,0.412,-3.046,0.114,158.087,4,4
114,0yvPEnB032fojLfVluFjUv,Sorry Not Sorry,Tell Me You Love Me,Demi Lovato,2017-09-29,70,203760,0.705,0.0242,0.643,0.0,0.262,0.884,-6.929,0.232,143.944,11,4
115,6xsEAm6w9oMQYYg3jkEkMT,Bad Blood,Bad Blood,Taylor Swift,2015-05-17,64,200106,0.654,0.0294,0.655,0.0,0.139,0.221,-7.388,0.106,170.16,11,4
116,23T0OX7QOiIUFShSzbJ5Uo,I Hope,Goldmine,Gabby Barrett,2020-06-19,68,210772,0.466,0.0951,0.536,0.0,0.114,0.377,-6.227,0.0429,75.998,6,4
117,45bE4HXI0AwGZXfZtMp8JR,you broke me first,you broke me first,Tate McRae,2020-04-17,18,169265,0.667,0.785,0.373,0.0,0.0906,0.0823,-9.389,0.05,124.148,4,4
118,3OHfY25tqY28d16oZczHc8,Kill Bill,SOS,SZA,2022-12-09,77,153946,0.644,0.0543,0.728,0.169,0.161,0.43,-5.75,0.0351,88.993,8,4
119,5Z2MiIZ5I3jJvvmeWMLbOQ,Escapism.,Escapism. / The Thrill Is Gone.,RAYE,2022-10-12,24,272373,0.538,0.138,0.742,4.67e-05,0.0934,0.25,-5.355,0.114,96.107,2,4
120,2vwlzO0Qp8kfEtzTsCXfyE,Wrecking Ball,Bangerz (Deluxe Version),Miley Cyrus,2013-10-04,78,221360,0.53,0.407,0.422,0.0,0.107,0.349,-6.262,0.0342,119.964,5,4
121,1r9xUipOqoNwggBpENDsvJ,Enemy (with JID) - from the series Arcane League of Legends,Enemy (with JID) [from the series Arcane League of Legends],Imagine Dragons,2021-10-28,73,173381,0.728,0.237,0.783,0.0,0.434,0.555,-4.424,0.266,77.011,11,4
122,6wNeKPXF0RDKyvfKfri5hf,Dollhouse,Cry Baby (Deluxe Edition),Melanie Martinez,2015-08-14,72,231853,0.725,0.22,0.708,0.0,0.777,0.555,-5.331,0.0756,130.029,5,4
123,0lUSd7TCG8srh6HpIAEIWL,Power,Glory Days (Expanded Edition),Little Mix,2016-11-18,70,247840,0.566,0.0372,0.855,0.000157,0.181,0.517,-4.016,0.211,172.966,7,4
124,59tskctgqUmjCWAwhzYAFm,Looking at Me,Singular Act II,Sabrina Carpenter,2019-07-19,77,181120,0.681,0.00398,0.798,5.11e-06,0.0542,0.516,-4.367,0.0375,105.99,2,4
125,5lAnYvAIkSDNXqfo7DyFUm,Ain't Shit,Planet Her,Doja Cat,2021-06-25,73,174253,0.855,0.506,0.488,0.0,0.347,0.619,-4.601,0.208,124.097,3,4
126,7FGIEAVXfegxngH9Jg6VwA,What A Shame,What A Shame,Leyla Blue,2020-12-09,59,177200,0.699,0.315,0.463,0.0,0.0803,0.565,-7.828,0.475,143.99,0,4
127,360Wr96ywrCQq4kTAJ8Pq6,Pacify Her,Cry Baby (Deluxe Edition),Melanie Martinez,2015-08-14,74,220013,0.576,0.0467,0.593,0.000767,0.237,0.373,-6.024,0.0306,157.993,9,4
128,0Qh38w01QRXK6KHIv0e3hb,What About Us,Beautiful Trauma,P!nk,2017-10-13,73,269600,0.491,0.0281,0.588,2.01e-06,0.0906,0.193,-6.177,0.0506,113.608,1,4
129,198ZUXC5jCr5DiQNlKBiNV,Get Down,Six: The Musical (Studio Cast Recording),SIX,2018-08-31,57,253993,0.898,0.00986,0.406,0.0,0.0509,0.39,-9.905,0.102,102.985,4,4
130,23L5CiUhw2jV1OIMwthR3S,In the Name of Love,In the Name of Love,Martin Garrix,2016-07-29,78,195706,0.501,0.109,0.519,0.0,0.454,0.168,-5.88,0.0409,133.99,4,4
131,4svaKoxMMP7ImmKrD5hfQu,Victoria's Secret,Victoria’s Secret,Jax,2022-06-30,61,175934,0.586,0.00655,0.556,0.0,0.0836,0.517,-7.639,0.0592,167.018,6,4
132,3Jb00jDoYOA7xHq4L2mWpZ,AVA (Sped Up),AVA (Sped Up),Natalie Jane,2022-12-02,40,137594,0.675,0.147,0.477,4.76e-05,0.0864,0.334,-5.684,0.0377,100.748,11,4
133,78qd8dvwea0Gosb6Fe6j3k,Boss Bitch,Boss Bitch,Doja Cat,2020-01-23,74,134239,0.707,0.127,0.955,0.0,0.202,0.575,-4.593,0.222,125.989,10,4
134,1V6gIisPpYqgFeWbMLI0bA,Heart Attack,Demi,Demi Lovato,2013-01-01,78,210840,0.504,0.0738,0.785,0.0,0.239,0.502,-4.802,0.104,173.968,8,4
135,1ue7zm5TVVvmoQV8lK6K2H,Pretty Girl,Pretty Girl,Maggie Lindemann,2016-09-30,58,219428,0.456,0.298,0.764,0.0,0.229,0.383,-3.584,0.148,124.971,10,5
136,4uqh9bualXNHXXwO2wPorc,Daisies,Daisies,Katy Perry,2020-05-15,53,173123,0.639,0.0837,0.546,0.0,0.122,0.149,-5.382,0.0407,122.179,1,4
137,2YyLNljkMy2viVcXoFGTDY,Tears of Gold,Tears of Gold,Faouzia,2019-11-20,64,176117,0.587,0.128,0.664,0.0,0.323,0.617,-5.698,0.0523,149.957,5,4
138,27rdGxbavYJeBphck5MZAF,Nothing Breaks Like a Heart (feat. Miley Cyrus),Nothing Breaks Like a Heart (feat. Miley Cyrus),Mark Ronson,2018-11-30,69,217466,0.601,0.00987,0.794,1.36e-06,0.388,0.244,-5.844,0.0671,114.066,7,4
139,5r0cOO77xkM5jjHk67Z2Lt,"Baby, I'm Jealous (feat. Doja Cat)",Better Mistakes,Bebe Rexha,2021-05-07,58,175873,0.737,0.0398,0.867,0.0,0.32,0.506,-2.259,0.0458,98.05,11,4
140,6HU7h9RYOaPRFeh0R3UeAr,deja vu,SOUR,Olivia Rodrigo,2021-05-21,83,215506,0.442,0.584,0.612,5.7e-06,0.37,0.178,-7.222,0.112,180.917,2,4
141,5ajjAnNRh8bxFvaVHzpPjh,Reckless,Reckless,Madison Beer,2021-06-04,71,203384,0.386,0.807,0.426,0.0,0.14,0.261,-6.642,0.0363,180.104,3,3
142,12cZWGf5ZgLcKubEW9mx5q,HOPE,HOPE,NF,2023-02-16,66,264473,0.546,0.396,0.787,0.0,0.0619,0.497,-4.023,0.212,100.559,0,3
143,6IbnUaczZBT34DhaD6S18F,Bubblegum Bitch,Electra Heart (Deluxe),MARINA,2012-04-27,74,154666,0.495,0.000219,0.856,0.0,0.103,0.609,-5.123,0.0311,158.024,0,4
144,59CfNbkERJ3NoTXDvoURjj,Boyfriend,Boyfriend,Dove Cameron,2022-02-11,71,153000,0.345,0.232,0.612,0.0,0.194,0.232,-6.543,0.0608,179.773,7,3
145,5NEbSFTrxg63xy3j7jiQAe,I'm an Albatraoz,I'm an Albatraoz,CDM Project,2019-01-16,22,166000,0.745,0.0895,0.739,0.0037,0.0844,0.612,-9.095,0.0572,128.011,0,4
146,4eWQlBRaTjPPUlzacqEeoQ,Never Be the Same,Camila,Camila Cabello,2018-01-12,75,226973,0.637,0.181,0.713,0.000637,0.137,0.243,-4.333,0.0747,129.923,0,4
147,7k4t7uLgtOxPwTpFmtJNTY,Tusa,Tusa,KAROL G,2019-11-07,72,200960,0.803,0.295,0.715,0.000134,0.0574,0.574,-3.28,0.298,101.085,2,4
148,5OLcsBO28uWHMzS0EEeZNp,Little Girl Gone,Little Girl Gone,CHINCHILLA,2023-04-21,3,188596,0.706,0.177,0.675,0.0,0.0852,0.516,-6.351,0.237,159.961,1,4
149,4OafepJy2teCjYJbvFE60J,breathin,Sweetener,Ariana Grande,2018-08-17,68,198160,0.568,0.0211,0.656,1.37e-05,0.213,0.364,-5.413,0.0433,100.049,8,4
150,4atLCK41iF1xFDydQ6WliG,PS5,PS5 (Super Pack),salem ilese,2022-07-06,0,152214,0.602,0.0131,0.642,5.33e-06,0.0668,0.54,-5.404,0.211,175.978,2,4
151,7y9iMe8SOB6z3NoHE2OfXl,Bad At Love,hopeless fountain kingdom (Deluxe),Halsey,2017-06-02,23,181279,0.675,0.0604,0.751,0.0,0.0893,0.612,-3.539,0.0296,118.384,0,4
152,6ZtiywT2Qm50a1uR0jlY35,"Sit Still, Look Pretty","Sit Still, Look Pretty",Daya,2016-10-07,33,207761,0.846,0.286,0.734,8.27e-05,0.425,0.717,-3.601,0.108,90.98,2,4
153,7vu0JkJh0ldukEYbTVcqd0,Issues,Nervous System,Julia Michaels,2017-07-28,72,176320,0.728,0.401,0.415,0.0,0.0616,0.455,-6.852,0.0639,114.145,8,4
154,7w3rcy1CrATkUgCoItTbId,Love Lies,"Love, Simon (Original Motion Picture Soundtrack)",Various Artists,2018-03-16,43,201253,0.702,0.108,0.573,0.0,0.114,0.394,-7.748,0.049,143.916,6,4
155,72jCZdH0Lhg93z6Z4hBjgj,I Knew You Were Trouble.,Red,Taylor Swift,2012-10-22,59,217973,0.622,0.00454,0.469,2.25e-06,0.0398,0.679,-6.798,0.0363,77.019,3,4
156,3yOlyBJuViE2YSGn3nVE1K,My Oh My (feat. DaBaby),Romance,Camila Cabello,2019-12-06,72,170746,0.724,0.018,0.491,1.29e-05,0.0887,0.383,-6.024,0.0296,105.046,8,4
157,3nqQXoyQOWXiESFLlDF1hG,Unholy (feat. Kim Petras),Unholy (feat. Kim Petras),Sam Smith,2022-09-22,77,156943,0.719,0.0138,0.454,4.83e-06,0.318,0.224,-7.384,0.0707,131.007,2,4
158,0yLdNVWF3Srea0uzk55zFn,Flowers,Flowers,Miley Cyrus,2023-01-13,25,200454,0.707,0.0632,0.681,5.15e-06,0.0322,0.646,-4.325,0.0668,117.999,0,4
159,5vTPxzm4h2bY9rYyVrGEU5,Really Don't Care,Demi,Demi Lovato,2013-01-01,68,201600,0.706,0.123,0.728,0.0,0.185,0.851,-3.602,0.0852,121.017,7,4
160,3o9kpgkIcffx0iSwxhuNI2,Numb Little Bug,Numb Little Bug,Em Beihold,2022-01-28,67,169237,0.742,0.327,0.527,0.0,0.25,0.638,-6.892,0.0769,84.974,8,4
161,1c8gk2PeTE04A1pIDH9YMk,Rolling in the Deep,21,Adele,2011-01-24,77,228093,0.73,0.138,0.769,0.0,0.0473,0.507,-5.114,0.0298,104.948,8,4
162,6xlOnm5MITIKtixzJW8R0j,DARKSIDE,Wars In A Wonderland,Neoni,2021-08-20,73,168000,0.533,0.31,0.714,1.58e-06,0.0869,0.454,-6.472,0.0608,165.037,7,3
163,3MoV1UsAJmz64LHqyiRMp0,Say My Name,7,David Guetta,2018-09-14,53,198946,0.703,0.137,0.66,0.0,0.192,0.79,-5.119,0.123,95.031,10,4
164,6bTbMMEShyGyrcuIwtBlpA,Living Hell,Dolls EP,Bella Poarch,2022-08-12,59,174002,0.729,0.598,0.551,0.0,0.176,0.312,-6.935,0.056,124.044,0,4
165,7uUahoeqGNRMbpdeiLj1rS,Panic Room,Panic Room,Au/Ra,2018-02-09,67,237772,0.495,0.152,0.426,5.65e-06,0.099,0.0636,-9.434,0.0736,97.91,8,4
166,58HvfVOeJY7lUuCqF0m3ly,MIDDLE OF THE NIGHT,MIDDLE OF THE NIGHT,Elley Duhé,2020-01-10,75,184447,0.41,0.0228,0.611,0.0,0.116,0.0899,-8.271,0.0467,185.727,4,3
167,0yLdNVWF3Srea0uzk55zFn,Flowers,Flowers,Miley Cyrus,2023-01-13,25,200454,0.707,0.0632,0.681,5.15e-06,0.0322,0.646,-4.325,0.0668,117.999,0,4
168,4dh34dyav8M5jCN3yidn8Z,Big Weenie,Encore (Deluxe Version),Eminem,2004-11-12,62,266933,0.622,0.242,0.539,0.0,0.107,0.315,-4.331,0.502,173.662,1,4
169,1KixkQVDUHggZMU9dUobgm,My Head & My Heart,Heaven & Hell,Ava Max,2020-09-18,70,174760,0.614,0.0697,0.934,0.0,0.121,0.436,-3.709,0.07,116.001,9,4
170,6zBqlhWjEhNyH4Z8eUDzMT,Twinkle Twinkle,Twinkle Twinkle,Leah Kate,2022-06-24,0,156937,0.571,0.0151,0.854,0.0,0.251,0.6,-4.753,0.125,160.035,7,4
171,2tGvwE8GcFKwNdAXMnlbfl,happier,SOUR,Olivia Rodrigo,2021-05-21,82,175933,0.395,0.765,0.443,9.67e-06,0.0839,0.338,-9.72,0.133,168.924,6,3
172,42ydLwx4i5V49RXHOozJZq,Scars To Your Beautiful,Know-It-All (Deluxe),Alessia Cara,2016-03-11,68,230226,0.319,0.0285,0.739,0.0,0.111,0.449,-5.74,0.272,194.169,0,4
173,3XF5xLJHOQQRbWya6hBp7d,you should see me in a crown,"WHEN WE ALL FALL ASLEEP, WHERE DO WE GO?",Billie Eilish,2019-03-29,76,180952,0.678,0.462,0.533,0.219,0.139,0.323,-10.485,0.186,150.455,4,4
174,04aAxqtGp5pv12UXAg4pkq,Centuries,American Beauty/American Psycho,Fall Out Boy,2015-01-16,79,228360,0.393,0.00359,0.858,0.0,0.102,0.56,-2.868,0.0729,176.042,4,4
175,1y4eb6hmAvsqlDOl3fx9kk,Hot N Cold,One Of The Boys,Katy Perry,2008-06-17,70,220226,0.706,7.73e-05,0.842,0.0,0.0688,0.861,-3.956,0.0417,132.032,7,4
176,1Xi84slp6FryDSCbzq4UCD,Arcade,Arcade,Duncan Laurence,2019-03-07,73,183624,0.459,0.817,0.331,0.00104,0.135,0.271,-12.603,0.0421,72.023,9,3
177,4TgyIbBZCW0UIwS8eua06z,Hate You,Hate You,Jordi,2022-11-18,51,176540,0.636,0.762,0.473,3.82e-06,0.152,0.399,-8.311,0.0389,87.034,0,4
178,3S8jK1mGzQi24ilFb45DAZ,Lonely (with benny blanco),Justice,Justin Bieber,2021-03-19,74,149189,0.619,0.9,0.241,0.0,0.116,0.0719,-7.102,0.046,79.461,11,4
179,3udCid1W2whR6CQrVpsKUh,Cinderella Snapped,Cinderella Snapped,Jax,2023-03-03,53,173103,0.752,0.0193,0.522,0.0,0.105,0.65,-5.993,0.0507,139.936,1,3
180,5MAK1nd8R6PWnle1Q1WJvh,I See Red,I See Red,Everybody Loves an Outlaw,2018-10-31,72,230613,0.509,0.00713,0.448,0.0137,0.244,0.221,-7.552,0.0357,156.909,4,3
181,2Ggr9IfS70wYQacW8nZKPG,labour,labour,Paris Paloma,2023-03-23,71,237744,0.65,0.396,0.574,0.000112,0.354,0.441,-10.3,0.101,83.963,11,4
182,1zu2GKHPJIsUu80SUJX4H4,Devil Doesn’t Bargain,(Un)Commentary,Alec Benjamin,2022-04-15,69,163613,0.448,0.577,0.606,0.0,0.217,0.483,-4.565,0.0609,121.15,3,4
183,3u1FiuSpfsgVnekEMXgMwJ,"Tag, You're It",Cry Baby (Deluxe Edition),Melanie Martinez,2015-08-14,72,189026,0.559,0.24,0.835,0.019,0.185,0.382,-5.555,0.0424,114.908,5,4
184,1P17dC1amhFzptugyAO7Il,Look What You Made Me Do,reputation,Taylor Swift,2017-11-10,79,211853,0.766,0.204,0.709,1.41e-05,0.126,0.506,-6.471,0.123,128.07,9,4
185,0aU73DSJXOwjzMakUhlL9t,Just a Friend,Just a Friend,Jordi,2023-08-25,50,141147,0.785,0.0499,0.653,0.0,0.0899,0.589,-6.464,0.199,89.99,2,4
186,6yARPLK0PV4heEyh7pVMGz,Part Of Me,Teenage Dream: The Complete Confection,Katy Perry,2012-01-01,70,216160,0.666,0.000348,0.922,0.0,0.0867,0.758,-4.645,0.0352,130.007,5,4
187,04ZTP5KsCypmtCmQg5tH9R,I'm a Mess,Expectations,Bebe Rexha,2018-06-22,68,195519,0.63,0.00281,0.694,0.0,0.0719,0.216,-6.257,0.0253,97.005,11,4
188,2qxmye6gAegTMjLKEBoR3d,Let Me Down Slowly,Narrated For You,Alec Benjamin,2018-11-16,83,169353,0.652,0.74,0.557,0.0,0.124,0.483,-5.714,0.0318,150.073,1,4
189,3k79jB4aGmMDUQzEwa46Rz,vampire,vampire,Olivia Rodrigo,2023-06-30,16,219724,0.484,0.148,0.53,0.0,0.283,0.319,-5.82,0.054,136.874,5,4
190,6cPh0IceWYeMEeYmbSgIMG,Pretty Distraction,Pretty Distraction,SkyDxddy,2023-09-08,54,175813,0.468,0.113,0.45,0.0,0.089,0.448,-7.981,0.0322,172.038,6,3
191,2IGMVunIBsBLtEQyoI1Mu7,Paint The Town Red,Paint The Town Red,Doja Cat,2023-08-04,79,231750,0.868,0.269,0.538,3.34e-06,0.0901,0.732,-8.603,0.174,99.968,5,4
192,2gyxAWHebV7xPYVxqoi86f,get him back!,GUTS,Olivia Rodrigo,2023-09-08,76,211141,0.553,0.0143,0.847,0.0,0.561,0.733,-5.736,0.187,162.024,5,4
193,4kkeuVl6gF3RMqE4Nn5W3E,E.T.,Teenage Dream,Katy Perry,2010-01-01,64,206373,0.603,0.0178,0.863,0.0,0.389,0.731,-5.423,0.0773,150.054,5,4
194,0XqQxKtAdYbOC8OVIjWLZD,Dancing With The Devil,Dancing With The Devil…The Art of Starting Over,Demi Lovato,2021-04-02,47,243992,0.413,0.273,0.64,0.0,0.11,0.149,-5.811,0.0427,75.245,8,4
195,0pXUVMtPaFDghiBgDs6U1f,My Problem,My Problem,Jordi,2023-10-27,48,146932,0.798,0.243,0.583,0.0,0.151,0.737,-5.547,0.0989,74.476,0,4
196,3QSjVPObHxuAJc3E5nrjRn,VILLAIN,ALL OUT,K/DA,2020-11-06,68,199125,0.653,0.0232,0.634,0.0,0.0908,0.306,-5.875,0.0391,160.013,5,4
197,63mdJr3NMY3wReOkNE6c6W,People You Know,Rare,Selena Gomez,2020-01-10,73,194900,0.695,0.0881,0.62,5.43e-05,0.111,0.619,-8.082,0.0521,150.032,8,4
198,6dgUya35uo964z7GZXM07g,Nonsense,emails i can't send,Sabrina Carpenter,2022-07-15,87,163648,0.74,0.0268,0.697,0.0,0.224,0.732,-4.912,0.034,138.992,8,4
199,7aonAWn0J0AJ47ZU9WHCXC,INFERNO,INFERNO,Sub Urban,2021-08-13,59,133133,0.82,0.0766,0.611,2.5e-05,0.0684,0.637,-5.02,0.122,127.883,9,4
200,0H7Wdgn1C7vFy4z0o2kBUZ,japan,japan,Yot Club,2019-03-28,61,174935,0.639,0.086,0.82,0.939,0.207,0.369,-6.782,0.0448,165.895,5,4
201,1tuSpba0RXUMubHpAOWlMN,You and I,Petals to Thorns,d4vd,2023-05-26,71,152551,0.469,0.135,0.909,0.000164,0.453,0.333,-6.726,0.0389,90.222,10,4
202,3b1WgrrZodxXASonmXLqTS,Rehab,The Lost Petals,d4vd,2023-09-08,50,251941,0.366,0.00382,0.798,0.0,0.111,0.761,-4.371,0.0646,119.921,1,4
203,32GHYtVVAsYNQGafHrrRxv,Take Me To The Sun,Take Me To The Sun,d4vd,2022-05-09,64,166996,0.446,8.24e-06,0.734,0.0492,0.564,0.545,-9.75,0.0374,178.182,6,4
204,7hQmgR3ssV8Racno82rkB1,lungs,so close to ok,Max Fry,2023-08-25,53,121617,0.383,0.0477,0.885,0.121,0.0932,0.398,-7.192,0.0517,90.133,10,4
205,3VIJBrMpvimHEw5wtPh2wB,Money,Portamento,The Drums,2011-01-01,73,233639,0.603,0.216,0.918,0.146,0.284,0.452,-6.652,0.0641,102.473,4,4
206,0UqwIL59AsdSTdmewiWXvj,Tic,Tic,No Buses,2018-05-05,32,138997,0.517,0.22,0.911,0.00276,0.35,0.756,-5.496,0.0544,175.241,1,4
207,09fNyeCFUbrTor4DY7kX2b,Pretty Old Man,Boys Missed The Bus,No Buses,2019-04-15,43,159623,0.576,0.0586,0.774,2.66e-05,0.0428,0.904,-3.87,0.054,123.959,0,4
208,7yNf9YjeO5JXUE3JEBgnYc,Babydoll,"Don't Forget About Me, Demos",Dominic Fike,2018-10-16,81,97960,0.762,0.114,0.604,0.0,0.0271,0.847,-5.296,0.11,168.007,7,4
209,2Lumsra3kuU61wXkEKzKaK,Disco,Disco,Surf Curse,2019-06-12,85,152760,0.473,0.0253,0.621,0.000366,0.19,0.782,-8.698,0.0291,173.083,11,4
210,3SAga35lAPYdjj3qyfEsCF,Feel It - From The Original Series “Invincible”,Feel It (From The Original Series “Invincible”),d4vd,2024-03-28,79,157974,0.565,0.0288,0.593,0.0,0.215,0.429,-5.864,0.0883,120.509,8,4
211,0IxDs5fNQvQXm4fKbrZwe9,dark out,dark out,Max Fry,2023-06-05,54,145696,0.328,0.00102,0.931,0.18,0.391,0.379,-5.687,0.0832,174.905,1,4
212,3aI2wWEeNmtYDvsAyJahyi,Next Exit,No Place Like Home,Vacations,2024-01-12,65,201000,0.457,0.000309,0.775,0.818,0.674,0.793,-7.125,0.0364,80.049,2,4
213,2xkCK64mVslpApVL7i6Mxj,Heart Racing,Heart Racing,Kanii,2023-05-19,64,156106,0.818,0.034,0.803,2.59e-05,0.222,0.692,-6.755,0.0996,119.988,11,4
214,7DbdUf8aHSYoliSjO6LZv6,"Sex, Drugs, Etc.",Chit Chat,Beach Weather,2016-11-04,74,196784,0.572,0.013,0.839,0.00976,0.522,0.465,-5.083,0.0377,143.969,4,4
215,5XeFesFbtLpXzIVDNQP22n,I Wanna Be Yours,AM,Arctic Monkeys,2013-09-09,90,183956,0.464,0.136,0.417,0.022,0.0974,0.479,-9.345,0.0256,67.528,0,4
216,2AYEOC02WLhUiOoaig2SEH,Out of My League,More Than Just a Dream (Deluxe Edition),Fitz and The Tantrums,2013-05-07,73,209386,0.545,0.0387,0.968,0.00325,0.331,0.527,-3.553,0.0853,169.965,9,4
217,5ruzrDWcT0vuJIOMW7gMnW,The Adults Are Talking,The New Abnormal,The Strokes,2020-04-10,78,309053,0.593,0.0113,0.749,0.106,0.314,0.649,-5.67,0.0475,164.959,5,4
218,6QeYSvYqYUsfBzsApbjDHO,Cigarettes out the Window,Who Really Cares,TV Girl,2016-02-25,84,198960,0.625,0.12,0.659,0.0,0.17,0.594,-5.669,0.0337,113.551,0,4
219,2tznHmp70DxMyr2XhWLOW0,Cigarette Daydreams,Melophobia,Cage The Elephant,2013-10-08,79,208760,0.636,0.0807,0.676,0.0,0.0831,0.273,-3.442,0.0263,113.98,2,4
220,0yc6Gst2xkRu0eMLeRMGCX,Apocalypse,Cigarettes After Sex,Cigarettes After Sex,2017-06-09,87,290616,0.369,0.0205,0.468,0.566,0.109,0.18,-9.013,0.0273,94.434,5,4
221,1FWsomP9StpCcXNWmJk8Cl,K.,Cigarettes After Sex,Cigarettes After Sex,2017-06-09,82,320030,0.454,0.14,0.401,0.837,0.136,0.319,-10.251,0.0264,93.703,3,4
222,3p4hRhMcb6ch8OLtATMaLw,Cry,Cry,Cigarettes After Sex,2019-10-25,84,256799,0.408,0.758,0.398,0.654,0.112,0.165,-10.448,0.0277,142.834,7,4
223,0SpkyS1Q4MD8GaVcP5YjT4,Sunsetz,Cigarettes After Sex,Cigarettes After Sex,2017-06-09,83,215150,0.41,0.0561,0.48,0.814,0.0972,0.129,-9.417,0.0294,75.303,9,4
224,4TVsTKQVeC99tCjfRKLeob,white tee,crybaby,Lil Peep,2016-06-10,15,132226,0.8,0.285,0.526,0.0,0.0717,0.729,-8.909,0.0416,149.991,11,4
225,186bb3vDk1yzNK5u3e7h7O,your favorite dress,CASTLES II,Lil Peep,2021-07-02,1,177386,0.494,0.0814,0.628,0.0,0.111,0.101,-7.615,0.0541,129.966,7,3
226,64PgpLHuQK3UJ5qZ875Vei,Save That Shit,"Come Over When You're Sober, Pt. 1",Lil Peep,2017-08-15,21,231546,0.534,0.0262,0.583,0.0,0.421,0.145,-8.672,0.0288,106.0,2,4
227,6Ox1rvlwEpB49drasQm6RF,Star Shopping,Star Shopping,Lil Peep,2015,23,142000,0.538,0.0946,0.471,0.0185,0.116,0.307,-9.84,0.0955,93.07,4,4
228,2GiJYvgVaD2HtM8GqD9EgQ,Electric Love,Dopamine,BØRNS,2015-10-16,76,218106,0.611,0.00543,0.797,0.00137,0.26,0.518,-7.627,0.0533,120.041,6,4
229,0UV5zxRMz6AO4ZwUOZNIKI,Where'd All the Time Go?,"Shame, Shame (Deluxe Edition)",Dr. Dog,2010-11-02,77,234800,0.454,0.132,0.82,0.000969,0.115,0.575,-4.193,0.0567,166.303,2,4
230,0JIMT9gzLIIz0esKLyjbKf,Telephones,Changes,Vacations,2018,80,212432,0.526,0.00283,0.447,0.0301,0.109,0.183,-9.268,0.0274,74.995,2,4
231,6dBUzqjtbnIa1TwYbyw5CM,Lovers Rock,French Exit,TV Girl,2014-06-05,86,213920,0.559,7.53e-06,0.871,0.00545,0.096,0.572,-5.338,0.0397,104.97,5,4
232,5RBOcBpJXaNnHCGViJmYhh,The Perfect Girl,The Perfect Girl,Mareux,2021-12-08,76,194423,0.485,0.000872,0.89,0.818,0.102,0.258,-5.992,0.0911,128.881,8,4
233,7sIx70dGj3VBiHWr0KZXfD,Blondie,Wild Heart,Current Joys,2013-01-02,75,194733,0.776,0.622,0.626,0.899,0.086,0.866,-12.561,0.0396,122.072,6,4
234,0mflMxspEfB0VbI1kyLiAv,Stick Season,Stick Season,Noah Kahan,2022-10-14,88,182346,0.664,0.799,0.5,0.0,0.0966,0.801,-6.935,0.0651,117.896,9,4
235,0b6xZk9f96N77BfmYWnQNC,Mama's Boy,Sunburn,Dominic Fike,2023-07-07,72,155721,0.807,0.15,0.354,0.713,0.186,0.602,-7.554,0.0321,78.964,9,4
236,58ge6dfP91o9oXMzq3XkIS,505,Favourite Worst Nightmare (Standard Version),Arctic Monkeys,2007-04-24,79,253586,0.52,0.00237,0.852,5.79e-05,0.0733,0.234,-5.866,0.0543,140.267,0,4
237,1170VohRSx6GwE6QDCHPPH,Kilby Girl,When We Were Friends,The Backseat Lovers,2019-01-27,71,282205,0.329,0.0578,0.444,0.0352,0.113,0.225,-9.973,0.0417,162.279,1,4
238,7EkWXAI1wn8Ii883ecd9xr,Freaks,Freaks,Surf Curse,2021-05-15,84,147062,0.345,3.84e-05,0.941,0.633,0.0511,0.407,-9.918,0.0466,179.626,9,4
239,1Ph96WpdjNlwD6iKRE2Xa3,More Than Friends,More Than Friends,Aidan Bissett,2020-09-26,61,183012,0.559,0.58,0.655,0.000155,0.124,0.667,-6.792,0.051,160.016,6,4
240,0QZ5yyl6B6utIWkxeBDxQN,The Night We Met,Strange Trails,Lord Huron,2015-04-07,78,208211,0.545,0.969,0.366,0.267,0.641,0.1,-9.51,0.0378,86.997,2,3
241,1A3tuE6ti9qoZDwB3LB0t2,I Think I Like When It Rains,Locals 2,WILLIS,2017-06-12,69,278293,0.622,0.0401,0.455,0.0,0.0957,0.274,-7.116,0.0282,124.412,9,4
242,7MfNoHB8JRNbSQ8P3eAfMQ,T-Shirt Weather,Young Chasers (Deluxe),Circa Waves,2015-03-30,60,192120,0.421,0.00145,0.95,1.1e-05,0.245,0.472,-4.603,0.0662,160.02,4,4
243,3EaJDYHA0KnX88JvDhL9oa,Dark Red,Dark Red,Steve Lacy,2017-02-20,85,173104,0.603,0.446,0.784,8.32e-06,0.119,0.769,-4.023,0.062,172.041,6,4
244,7zwn1eykZtZ5LODrf7c0tS,You Get Me So High,Hard To Imagine The Neighbourhood Ever Changing,The Neighbourhood,2018-11-02,82,153000,0.551,0.186,0.881,0.0791,0.152,0.387,-6.099,0.0542,88.036,7,4
245,6IPwKM3fUUzlElbvKw2sKl,we fell in love in october,we fell in love in october / October Passed Me By,girl in red,2018-11-21,86,184153,0.566,0.113,0.366,0.181,0.155,0.237,-12.808,0.028,129.96,7,4
246,3pyyGVqWvRMq43qtJBzxe0,Kids,Kids,Current Joys,2015-03-08,74,269142,0.828,0.508,0.66,0.403,0.0755,0.904,-9.669,0.0337,113.45,6,4
247,1xK59OXxi2TAAAbmZK0kBL,Romantic Homicide,Romantic Homicide,d4vd,2022-07-20,85,132630,0.571,0.453,0.544,0.00805,0.322,0.216,-10.613,0.0299,132.052,6,4
248,3IznIgmXtrUaoPWpQTy5jB,Not Allowed,Who Really Cares,TV Girl,2016-02-25,84,167864,0.67,0.669,0.905,0.000227,0.349,0.563,-6.855,0.129,104.965,1,4
249,1KIJclzEbNhSVw8tiHPWwE,Young,Vibes,Vacations,2016,78,189160,0.498,0.00392,0.81,0.00717,0.0635,0.594,-4.065,0.0263,79.935,7,4
250,6HJxxqHWMdidwTVZmZWeHU,New Flesh,Wild Heart,Current Joys,2013-01-02,72,167986,0.62,0.887,0.594,0.5,0.0917,0.698,-16.066,0.0383,165.861,9,4
251,5E30LdtzQTGqRvNd7l6kG5,Daddy Issues,Wiped Out!,The Neighbourhood,2015-10-30,84,260173,0.588,0.0678,0.521,0.149,0.123,0.337,-9.461,0.0329,85.012,10,4
252,39sDitIeCMrVX2QyXHY46t,Blue Hair,Death of a Party Girl,TV Girl,2018-05-08,82,217000,0.751,0.554,0.72,0.0497,0.258,0.884,-6.376,0.0303,135.73,4,4
253,7wCmS9TTVUcIhRalDYFgPy,Where Is My Mind? - 2007 Remaster,Surfer Rosa (2007 Remaster),Pixies,1988-03-21,76,234973,0.519,0.0204,0.441,0.000453,0.076,0.25,-14.178,0.0353,81.334,4,4
254,7H0ya83CMmgFcOhw0UB6ow,Space Song,Depression Cherry,Beach House,2015-08-28,76,320466,0.508,0.229,0.792,0.124,0.145,0.601,-7.311,0.0297,147.067,0,4
255,4VqEUmMjhbj6w7g5EVKILE,castles,castles,Lil Peep,2016-07-04,72,144906,0.574,0.0515,0.785,0.0,0.169,0.429,-5.189,0.0463,135.042,3,4
256,2YSzYUF3jWqb9YP9VXmpjE,IDGAF (feat. Yeat),For All The Dogs,Drake,2023-10-06,77,260111,0.673,0.0466,0.672,0.000284,0.193,0.14,-8.577,0.224,136.902,8,4
257,2R4AlwtrrkMaRKojcTIzmL,For the First Time,This Old Dog,Mac DeMarco,2017-05-05,80,182306,0.551,0.296,0.529,0.0093,0.178,0.521,-10.469,0.0517,75.515,5,4
258,7s5VQqrjBtrBgZL4pEa46S,Romantic Lover,Let's Skip to the Wedding,Eyedress,2020-08-07,80,86739,0.658,0.701,0.447,0.924,0.198,0.538,-9.299,0.0869,184.316,9,4
259,3zksbXteOCeSusJ5Xltr3t,Bubble Gum,Bubble Gum,Clairo,2019-02-22,75,175960,0.509,0.979,0.0167,2.72e-05,0.387,0.229,-24.639,0.115,207.97,9,3
260,11iIikXxC6NP0Ma8vMD27x,Alien Blues,Gawk,Vundabar,2015-07-24,78,155933,0.467,0.0807,0.757,0.908,0.0876,0.433,-5.093,0.033,82.282,3,4
261,7svpAkwc6xaSxlbZ7V7JiS,i was all over her,melanchole,salvia palth,2014-07-01,27,161462,0.529,0.788,0.353,0.853,0.116,0.0601,-12.835,0.0292,104.557,7,4
262,7EAMXbLcL0qXmciM5SwMh2,Heart To Heart,Here Comes The Cowboy,Mac DeMarco,2019-05-10,81,211140,0.901,0.667,0.136,0.354,0.109,0.643,-16.127,0.102,150.076,8,4
263,45ROR8UMn60YEVQnDy0uVF,Juliet,Animal Kingdom,Cavetown,2019-04-12,71,278991,0.546,0.00346,0.586,0.00114,0.0562,0.364,-8.488,0.0313,131.778,6,4
264,4KULAymBBJcPRpk1yO4dOG,I Remember Everything (feat. Kacey Musgraves),Zach Bryan,Zach Bryan,2023-08-25,87,227195,0.429,0.554,0.453,2e-06,0.102,0.155,-7.746,0.0459,77.639,0,4
265,3WMj8moIAXJhHsyLaqIIHI,Something in the Orange,Something in the Orange,Zach Bryan,2022-04-22,86,228013,0.369,0.555,0.192,8.35e-06,0.0954,0.148,-12.151,0.04,175.212,4,3
266,1DPjbMypYp80indlQFWlya,Valerie,The Night in Question: French Exit Outtakes,TV Girl,2020-05-01,55,282500,0.802,0.201,0.918,0.397,0.315,0.947,-3.786,0.132,101.932,0,4
267,3RUGDh87fCK2IqYktl79Qd,Valerie,Valerie,Rome Hero Foxes,2020-04-29,42,240000,0.644,0.487,0.709,4.97e-06,0.0609,0.855,-9.083,0.058,101.029,3,4
268,42TtHTxWk782ZBiqyOi2d1,Dawns (feat. Maggie Rogers),Dawns (feat. Maggie Rogers),Zach Bryan,2023-01-27,77,290892,0.447,0.874,0.441,4.36e-05,0.188,0.286,-7.658,0.0456,122.811,0,4
269,2dBwB667LHQkLhdYlwLUZK,Summertime Sadness,Born To Die - The Paradise Edition,Lana Del Rey,2012-11-12,65,265427,0.565,0.0542,0.654,1.8e-06,0.122,0.235,-6.826,0.0335,111.968,1,4
270,1M0g1beKC4H9gbrOiSayHW,National Anthem,Born To Die - The Paradise Edition,Lana Del Rey,2012-11-12,59,230520,0.532,0.531,0.899,0.000146,0.0957,0.436,-5.935,0.244,85.0,0,4
271,6GGtHZgBycCgGBUhZo81xe,Say Yes To Heaven,Say Yes To Heaven,Lana Del Rey,2023-05-19,84,209156,0.485,0.678,0.348,0.167,0.118,0.145,-11.576,0.0257,99.898,6,4
272,6RiiSy9GzSwiyDEJDiMuKe,Something About You,Mulholland Drive,Eyedress,2021-08-27,82,153312,0.648,0.0332,0.781,0.013,0.305,0.822,-8.736,0.0271,133.417,9,4
273,0I1eFRytp4XRhLCjT6tZm7,I Can't Handle Change,I Can't Handle Change,Roar,2010-03-14,22,198213,0.247,0.0447,0.438,0.000867,0.111,0.39,-8.478,0.0358,185.711,5,3
274,1wVuPmvt6AWvTL5W2GJnzZ,Talking to the Moon,Doo-Wops & Hooligans,Bruno Mars,2010-05-11,75,217866,0.498,0.511,0.59,0.0,0.107,0.0784,-4.721,0.032,145.867,1,4
275,6SKwQghsR8AISlxhcwyA9R,Marry You,Doo-Wops & Hooligans,Bruno Mars,2010-05-11,78,230192,0.621,0.332,0.82,0.0,0.104,0.452,-4.865,0.0367,144.905,10,4
276,4lLtanYk6tkMvooU0tWzG8,Grenade,Doo-Wops & Hooligans,Bruno Mars,2010-05-11,79,222091,0.704,0.148,0.558,0.0,0.107,0.245,-7.273,0.0542,110.444,2,4
277,3B5UbSndRz907IZhhmUfLi,Count on Me,Doo-Wops & Hooligans,Bruno Mars,2010-05-11,68,197469,0.589,0.851,0.389,0.0,0.0772,0.501,-5.972,0.028,89.1,0,4
278,2vWBUC9djv6BtiGlmKiQaH,YKWIM?,Bipolar,Yot Club,2019-05-31,79,212750,0.372,0.937,0.537,0.873,0.287,0.228,-7.623,0.0305,123.735,9,3
279,3jfZ9M23l0L7RxzYMTgBTv,Looking Out for You,Looking Out for You,Joy Again,2016-01-15,78,179499,0.682,0.0884,0.9,0.063,0.0685,0.937,-5.028,0.0874,100.721,9,4
280,5ghIJDpPoe3CfHMGu71E6T,Smells Like Teen Spirit,Nevermind (Remastered),Nirvana,1991-09-26,77,301920,0.502,2.55e-05,0.912,0.000173,0.106,0.72,-4.556,0.0564,116.761,1,4
281,4Wjhj0WjkyECccfHVIgaTq,Trust Issues,Care Package,Drake,2019-08-02,76,281518,0.421,0.779,0.539,0.0,0.111,0.523,-5.456,0.274,89.177,11,3
282,1yeB8MUNeLo9Ek1UEpsyz6,Rich Baby Daddy (feat. Sexyy Red & SZA),For All The Dogs,Drake,2023-10-06,79,319191,0.636,0.0458,0.729,0.0,0.384,0.141,-4.495,0.055,146.009,2,4
283,6DCZcSspjsKoFjzjrWoCdn,God's Plan,Scorpion,Drake,2018-06-29,81,198973,0.754,0.0332,0.449,8.29e-05,0.552,0.357,-9.211,0.109,77.169,7,4
284,4SqWKzw0CbA05TGszDgMlc,I Love You So,I Love You So,The Walters,2014-11-28,87,160239,0.575,0.583,0.648,0.0,0.115,0.466,-4.891,0.0358,75.977,10,4
285,5gDWsRxpJ2lZAffh5p7K0w,Stargirl Interlude,Starboy,The Weeknd,2016-11-24,83,111626,0.715,0.353,0.47,0.0923,0.104,0.426,-12.638,0.0772,89.965,5,4
286,3sNVsP50132BTNlImLx70i,Bound 2,Yeezus,Kanye West,2013-06-18,81,229146,0.367,0.145,0.665,0.0,0.113,0.31,-2.821,0.0465,148.913,1,4
287,4qG7hWhljsqqENL5PaLA2z,Let The Light In (feat. Father John Misty),Did you know that there's a tunnel under Ocean Blvd,Lana Del Rey,2023-03-24,78,278126,0.335,0.385,0.44,0.00251,0.115,0.198,-9.748,0.0275,132.449,9,4
288,51Grh1RyUDcMBbpuyUIUHI,rises the moon,recently,Liana Flores,2019-04-10,81,161929,0.483,0.947,0.129,0.145,0.106,0.203,-20.149,0.0349,137.35,5,3
289,2xql0pid3EUwW38AsywxhV,Reflections,Hard To Imagine The Neighbourhood Ever Changing,The Neighbourhood,2018-11-02,83,244013,0.648,0.114,0.594,0.0462,0.116,0.544,-7.027,0.0293,113.983,11,4
290,1NZs6n6hl8UuMaX0UC0YTz,Brooklyn Baby,Ultraviolence (Deluxe),Lana Del Rey,2014-01-01,80,351640,0.404,0.542,0.664,0.00402,0.11,0.0949,-6.698,0.0407,107.747,1,4
291,2enPRFda84VE2wtI8c86Uf,Always Forever,Static,Cults,2013-10-15,79,223746,0.174,0.00181,0.742,0.281,0.198,0.36,-5.93,0.0485,163.378,8,4
292,3Z0qLOS0cqWKPHXkbTXmNF,Gilded Lily,Offering,Cults,2022-10-26,76,212736,0.4,0.468,0.571,3.05e-05,0.519,0.146,-6.534,0.0288,61.859,11,4
293,77KnJc8o5G1eKVwX5ywMeZ,Mind Over Matter (Reprise),Mirrorball / Mind Over Matter (Reprise),Young the Giant,2015-04-18,74,230866,0.393,0.229,0.487,0.0,0.128,0.3,-6.348,0.0337,151.958,0,4
294,72cGBEqu7RitIOoACXYjfR,The Blonde,French Exit,TV Girl,2014-06-05,76,227760,0.501,0.225,0.547,0.912,0.288,0.225,-7.961,0.0243,87.692,1,4
295,5Az8KU81g2aLBbJN67F2CI,Mind Over Matter,Mind Over Matter,Young the Giant,2014-01-17,70,244693,0.466,0.000501,0.763,0.0,0.0973,0.293,-4.448,0.0318,154.914,0,4
296,7D0RhFcb3CrfPuTJ0obrod,Sparks,Parachutes,Coldplay,2000-07-10,86,227093,0.371,0.748,0.268,0.0517,0.104,0.165,-10.506,0.0281,102.617,1,3
297,75IQVo8hqI1iwVZyvkN2VT,Show Me How,Show Me How,Men I Trust,2018-02-28,79,215110,0.791,0.672,0.271,0.543,0.102,0.564,-11.959,0.0431,166.002,5,4
298,6ilc4vQcwMPlvAHFfsTGng,Sweet,Cigarettes After Sex,Cigarettes After Sex,2017-06-09,81,292110,0.449,0.351,0.51,0.761,0.139,0.115,-9.075,0.0278,96.425,6,4
